sequence,unconstrained,constrained,hamming,base_pair
AAUGUGAAAAGAUUUUGCGGUCUCGCCAGCUUGGGCCGGAGCUUGUACCAGCCUUACAUUCUUAUCUACCAUAGCCGCCCACUGUUAAUCAAAAGUCGUUAAAGUCGCUGGGUAUGUGUCAGGAGAAUUACGUGGCCGAACGAGAUGGACAU,.((((((((((())))(((())((()((())()(()))))))))(())))())(()(()((((().()((.())((()(((.))(()()(...(((()(()))()())))((((()))))))).)(())(())(()))))().)()))).)),.((((((((((())))(((())((()([[[[[)(()))]]]]])(())))())(()(()((((().()((.())((()(((.))(()()(...(((()(()))()())))((((()))))))).)(())(())(()))))().)()))).)),10,26
CCAGGCGUUGGCGAUGUGAAAUUACGCAUACUUUGUACCUUCGGUGGACCUUUGCAUCCUCCCCAAAGGAUGAUUCAUCGCAAUACCAGUGCACAGUGACGCUUUGCAAGACGGCAGCCUAGCGCUACUGCCGCCCUUG,..(((()((((()()()(((((().()()).)))(()))((())(((((((((()()..(....)))))())()))()()))()))))((())))(((.)()(((()))))(((((().(((()))).)))))))))(),..(((()((((()()()([[[(().()()).]]](()))((())(((((((((()()..(....)))))())()))()()))()))))((())))(((.)()(((()))))(((((().(((()))).)))))))))(),6,0
ACACACAAAAUAUCGAUGUGGCGACCUACUUCUGUAUCCAUCACAGACGGUCGUCGAAAACCGACUUCAAAGCAUAAUGCUUAAUUCCAACCUUAAUAUGGCGGGCACAGGGCAUCUAUCAGUGUCUGCUUCAGAGAAUGU,..(.(((((()()()()()((().))().)).)))().(.((((.)(()((()(())).((()((((.))(()(()()()))(())((.(..(()()))))()(()((.)(()())())).))))))())((.))))())),..(.(((((()()()()()((().))().)).)))[[[(.((((.)((]]]()(())).((()((((.))(()(()()()))(())((.(..(()()))))()(()((.)(()())())).))))))())((.))))())),6,18
AAGCUGUAGGGUCAUCAAGUGCCCCCUGCCCAGGCAUAGGGCACCUAAUGAGGCAUAUGCGUUCGAUAGGCACGGUGCAAGCUUCAAGCACCUGCUUGAAUGUGAGAAUUUCAGCAGCUGUCGUACGGCACAAGUCGCGACCUGUGU,..((()()((())()(.(((()(((((().(.)()())))()(((()())(((((()))()((())()(((.())(())(())))).().))(()(())))))).)).(((.)(((()))(()()()()))))(((()))))))))),..((()()((())()(.(((()(((((().([[[)())))()(]]])())(((((()))()((())()(((.())(())(())))).().))(()(())))))).)).(((.)(((()))(()()()()))))(((()))))))))),6,33
ACCUAACAGUUACGAGGAAUCACUAUCUCGCGAUAUACUACGACCACCGCUGCUGUUGGUAAGCGAAAGUGGGGUAGCCCCAAGCGGUGUCUCAGUAUUACAAGGUCCACGAUAGACGUCCACACAC,.((()((.))()().))..(((((()(((()))()()(()()(..(..())()))(())().()))..)))(((()())))).(()(((((((.)(()().)))((..)().()((()))))))).),.((()((.))()().)).[[[(((()(((()]]])()(()()(..(..())()))(())().()))..)))(((()())))).(()(((((((.)(()().)))((..)().()((()))))))).),6,14
AUAAUGUUUCCCCGGGCCUCUCGUCGACGAUAUAGAGGUUAUAUAAAACUGGAGACUUUGAUUCGCCUAAAAGCUACGGGACUCGAGCACUUCCUUGAAAGCGGCCUCUGGGCCGACCGAGCAGCCAGUUUAAAGCGGAGAAAGG,.(((()))((((()))(((((()(())()(()))))))(()()()((((())((.))))(()((()(()...()()())))))(((()(.)))((()).((()()))((((()((.(().)).)))))((()))()))))))...,.(((()))((((()))(((((()(())()(()))))[[[()()()((]]]))((.))))(()((()(()...()()())))))(((()(.)))((()).((()()))((((()((.(().)).)))))((()))()))))))...,6,21
UCCAGGUUGGGCUAAGGACGCGUUAGUCGUUAUGCGGAGCCUAUCCACUAGUAAGGAUGAAAGAUAGUGUGGCGGGUUCGCCUUUGUACUACCAAAGGUGGCCACCUCGAUAUCUCCCGCUUUUGCCUAGGGUC,...((((())()()(((((()()())))((((((()((().()))))(()))))((()(..(((()(()()((((()))))))))(())())).((((((()))))(()())).)))())))))(((()))()),...((((())()()((([[[)()()))]]]((((()((().()))))(()))))((()(..(((()(()()((((()))))))))(())())).((((((()))))(()())).)))())))))(((()))()),6,12
CUAUCUUUCAGUAUAAGCAACGUUACGUCGGGUAUAGCCCAGUUCAUUGGCAUACAGUGAUGGCGCCGUUAAGUAUUAUACGUCUCGCAUGUUCCUCCCUGGCUUAGUCCGUCGCUUGCCCAUAGAGUCUAAAGGU,..().....((()()(()((())().((.(((()()()))(()))((()()))))((()(((()()()(()(()()())))))))(()())))).).((((())((()(()(.()((()..()))))).())))).,..().....((()()(()([[[)()]]].(((()()()))(()))((()()))))((()(((()()()(()(()()())))))))(()())))).).((((())((()(()(.()((()..()))))).())))).,6,15
UACAGGCAGUCGUCCUUUCACGAAAUGUAGGCAAUUUUCUGUUAAAUUUAUACUAAGUAGUAUCUUUUAAGUUCUGAAGCGUAUUUUUCUGAUGCGUGCGUUAUCAGGCUUUAACGAGUCGUUCAACGUAUCCGAAGCUCA,.(.((()(()())).))..(()((((((((()(())))((()(((())(()).))))())))).))).((()).)((((()())))).(()())()((()((().))((((())()))(()((.)(())().()))()))),.(.((()(()())).))..(()(((([[[[()(())))]]]](((())(()).))))())))).))).((()).)((((()())))).(()())()((()((().))((((())()))(()((.)(())().()))()))),8,17
CAUGUACUUUACCGACAUGGGUAAGUCCAGUAAUCGGAAUGCCCGUCGAGACUGUUCGGCGUAUGUCGUACGGAGAUAUCGGAUCGAGCCAACUUGAUGAUAUGAGUUUAGCAUAAAAUCUUGCGCCGGUAGAUCGAGGUUC,(())()(((()(((.)()))())))(((.(()())))).()((()(())(.((()(((()()()()()())))))(())))).(())(((.(((())()(()))((((()()())).()))))()(())()).(())(())),(())()(((()(((.)()))())))[[[.(()())]]].()((()(())(.((()(((()()()()()())))))(())))).(())(((.(((())()(()))((((()()())).()))))()(())()).(())(())),6,0
GCUUCGCGACUGACACCACACGGGUAGCUGGUGGCUGACCCACUGCGCGAGGUUGACGGCGGCCGUGGCGAGCGCCUUUAUUUGGCAAUACACUUUACGCACCUCUCUGCAUAUAUUAAGGGGUUGGUAAGG,().((()))(((.))(((((()((((())(()(())((((((.)(())).))))((()(()()()((()(((()).))((((()())))))))))()())))))((((()()()()()))))))())().)),().((()))(((.))(((((()((((()[[[)(())(((]]].)(())).))))((()(()()()((()(((()).))((((()())))))))))()())))))((((()()()()()))))))())().)),6,32
UGGACCGGUCACCAAUUUUGAUGUCGCGUGGGCCUUACACGAAGGAUAACUCCACUCGUCGUUGAGGCCCCAUAGUCCAAUCAACUCAUACCUUGGCGAUGAUUCAUUUUUCCCGUUGCGUCAAUCACCCCAAACUAGGCAGGUGGAUGUG,(((((())))(..(())(((((()()()(((((((()((()((((.()(.)))(.)())()))))))))).())))).)))))(.)((()(((())()())((((((((((..()(((()(.)()))....)))(())()))))))))))),(((((())))(..(())(((((()()()((((([[[)((()]]](.()(.)))(.)())()))))))))).())))).)))))(.)((()(((())()())((((((((((..()(((()(.)()))....)))(())()))))))))))),6,37
GCUAAGUUUAAGGGGUAAAAAUAGAUUGCCCUUUAUUUGUAUUCUCAUACUAUAGAAGUUGCUGGAAAGCAAACUGAGCUAUUCAUUGCUGUCUAAGAGGCUACGACCGAUUUGCCAUCUACGCAUCCGGU,((().()(())((((()..((()(()(()((((()(((()()(((.)()((()))((())()))))))()))(.))(())()(.)((()(().())))(()()))))()()))())())())()())())),((().()(())((((().[[[[)(()(()(((((]]]]()()(((.)()((()))((())()))))))()))(.))(())()(.)((()(().())))(()()))))()()))())())())()())())),8,32
GACACCUCAUUGUGUUAUGUCUAUCACCAUAUGAAAUACUAACUGCAUGCUAAUGACAACCCUUCCUUUAUCCAACUUGUUGAUACCUCCUUGGAUUAAGGGUCUCUCGUGUUAGUUUGUGGGG,((.(..).()(())))()()..().(.((()))(((()(()(.))(())(()())(.((...))..)))().(((.)))))((()..))(((((()(((((())).)()))))(())(())))),((.(..).()(())))()()..([[[.((()]]]((()(()(.))(())(()())(.((...))..)))().(((.)))))((()..))(((((()(((((())).)()))))(())(())))),6,6
AGUACAGAGACUCGCGCCACUUCGGGCGAGCGAAAGUUGGGCGUAGCUGAGGCUAUGGUGGACUAAGGGCAGACAUAUGUACUUAACUGGCAUUUCGGCCUUAUUUAGUAACGGGGCCCGGUGAGACCGUAAA,..()(.)...((()()((.(((())()).)()..(())))(())))(().).((()))()(((().)(()((.((()))()))().))(()())(((()((()((()()))()((())))))))(.)())...,..()(.)...((()()((.([[[[)()).)]]]](())))(())))(().).((()))()(((().)(()((.((()))()))().))(()())(((()((()((()()))()((())))))))(.)())...,8,18
CCGUAUCAACAUAUCGGUCGUGCCACUGGCGCCGGCCGAGGCGUCACCCUACUUUUGGGCUCAAAACGCUAAUGCGCAUAGCACUCCGGGCCCCGAUGCCUAUGGGUCUGCGGUAAAUUCGAC,..((().(((()()()))())()((.)(()()()()()(((()(.)))(()(((((((()))))))(()()((()()(()()(.).(((()))()())..))))))(((()))())()))))),..((().(((()()()))()[[[[(.)]]]])()()()(((()(.)))(()(((((((()))))))(()()((()()(()()(.).(((()))()())..))))))(((()))())()))))),8,15
GAACCUCCACCGUCUAUUUUGGUGGUGGGCAAAGGGGUCUCCCCUUUUGGGACCAACGAUUCAAGGAGCACCCCAACUUCAAAUAAUUCGUGGUUUCUUCGCGUUUCGGUCUGCAGAUCGUGAUCGGGGGAAUUAGGACAGAUUGCCUACG,(..).(..)(()(((()((((((((()(()((((((((.(..(((((()((.)))(()()).)))))())))))(((((.)(()(())())))))).))(()))))((()((())(())))))))))))))()()((((.)())())())),(..).(..)(()(((()((((((((()(()[[[[[(((.(..(]]]]])((.)))(()()).)))))())))))(((((.)(()(())())))))).))(()))))((()((())(())))))))))))))()()((((.)())())())),10,51
ACUACAUCAGACUAACCGUUGGGCAAAACCAACGGUUUGCGACUAUCUCUAAUCCUGACUACGGCAGUAUUGCUCUGCGCCGUGUAGAGGUAGACUCGGUUAAAUGUAACACGACUGGUGUCGCUAAUCUGGAUCU,(.()(()(((((()(.((((((()((((.(..()))))()(.)()))((((()(((((.()()((((()))))))(()()()(()))))))))))(()()()))((().))()))())))))()()().)))().),(.()(()(((((()(.((((((([[[[(.(..())]]]])(.)()))((((()(((((.()()((((()))))))(()()()(()))))))))))(()()()))((().))()))())))))()()().)))().),8,6
AACCAACGUCGGGCGGCUCGGGCUCCAGCUAAACUGGAACUUGGUUGUCCAAUAGUUAUCUAGCGGUAAAGCUUUUCGUGGUGUUGCAUCGUACAGUUAUGCCCGUAAUCGACCGGAGAUGCCACCGUAAUUGAAGAACAAUUAU,.(((.(())()))()()(()(()((((()()((((((((.)((()))))))()(())()(()()))()((()))))())))()((()()((())(((()(().()())(())(()))(()()).)()()()))))(..))()))),.(((.(())()))()()(()(()((((()()((([[[[(.)((()))]]]]()(())()(()()))()((()))))())))()((()()((())(((()(().()())(())(()))(()()).)()()()))))(..))()))),8,0
AUAUGGGGGUAGUCGAGCGAGCUUCAGUCGUGCAUGAAGAUAUAAAGUAACGCAGGAGACGUUGGAGUCAGGCAUACCACGUAAUGGGCGCUCACGUCGGGCUGUAACAAUGUACGGAUUUUGUAAUGUACCUGCCACGCUC,.()()....().(()).()..(((((()()(())))))).()()...().()(.)(((.(((()(((((.)())()((.()()()))(()((((())())()(()))(((()()()(()))))()())())))()))))))),.()()....().(()).()..[[[[[()()(())]]]]].()()...().()(.)(((.(((()(((((.)())()((.()()()))(()((((())())()(()))(((()()()(()))))()())())))()))))))),10,0
ACGUUGCCUCUGGGGAUGACGCCCCUCUUCCGGGCGUGGCAGGGCGCUAUAAAAUACCCCUCCAGCUUCUUUAAGUAAACGUUCUGGCUUUCGUACGAAUCCAGAGUCGCAGGUUGCGGAGUGUGGCGGCGGUC,(((((().(.(((((()(.()))))(((((()))()()()))((())))))))()))((((.((())((((((((()((()))))(())((((())))))..))))(.())(()()))))(())))()()))).,(((((().(.(((((()(.[[[[[)((((((]]]]]()()))((())))))))()))((((.((())((((((((()((()))))(())((((())))))..))))(.())(()()))))(())))()()))).,10,31
GAAGGAGAUGGAUAUCGCGUAGGAUAACGCUACGAGGGCAUAUGCGGUCCAACAUGAGGUCGUCUGCCCGUACUUGUGCGACAUCACCCCGUCAUCUGAUAUGUCUGAAUUCGUCGUGAUCCGGCCAUGUCCCGAUGAC,(.(((((((((()()((()()((.().()(()().)((((()))()((.(((.()(((()()).)())()().))(()))))()).)))))))))))(((())))(((())))))()(())((())())))(()())..,(.(((((((((()()(([[[[[(.().()]]]]].)((((()))()((.(((.()(((()()).)())()().))(()))))()).)))))))))))(((())))(((())))))()(())((())())))(()())..,10,37
UAUCCUCCUAAACAGUACCCAGCAUCCGGAGAGGGAUGUUCUCGUGGAGAGAGCCCCCGCGCGGAGCAGUGUGGUUAGGGUCCGCCGCACUUUUUUGUGUCGGAACUCACAUCCUAUGUCCGUUUUCGCAGGCAAACG,()(..(..()))(((()(((.()()(()).).))((((((.((())))((((()..(((())))(()((((((((()((()))))))))))))(((()()())))))))))))))()((.()((((.()))()))))),()(..(..()))(((()(((.()()(()[[[[[)((((]]]]]())))((((()..(((())))(()((((((((()((()))))))))))))(((()()())))))))))))))()((.()((((.()))()))))),10,31
GCUUCCAUGGGAGCAUAGUCAAUGGUCUGACCAUUCUCUAGGUCUCUGGACCCCCACUUGUAGAGCUUUGCAAUAGUCCGUUAUGUGAACGCGCUCGUUUGCACCACCAAAUCGUGUGAACCCUCUGUCCCCGCUGCAUUCGG,()....()((((()()(((((()(()))))).()).((())))))).(((...(((.)(()))(())((())())))))().()()(((.(()))()))(()).((..((()())()(((...).()))...()(())))()),()....()((((()()((((([[[())))))]]]).((())))))).(((...(((.)(()))(())((())())))))().()()(((.(()))()))(()).((..((()())()(((...).()))...()(())))()),6,22
CGAUUACCCUGGCUUUCAGUACUUUCUUGAACUGACUUCGUCGGAUGAAGUACCGAUUCCUACUAACAUGCUGUGCUACAAUCCAGGCGGCAGGGGCACUUUGGAAGCUGACGGCGACGAAUUCCCGCCAGCUUGUUGGAUGUUGUCCCGUCCACA,.(())(...)(())((.)(((((((.(()))((((.((()(())()((((())()())..)((()(.()())))()()))))).)))()())(((((((((()))(()))(.((().()(()))).()((()((()())))))))))))))..))),.(())(...)(())((.)(((((((.(()))((([[[[[)(())()]]]]]))()())..)((()(.()())))()()))))).)))()())(((((((((()))(()))(.((().()(()))).()((()((()())))))))))))))..))),10,32
GAUUAACGCUUGUAGAUAAAUAAUACAACCUCAGAUUGUAAAAGAAGUACAUGUACGGGCACUUUACUUAAAUUUGUACGUUGGCCACCCAGCGCAUUGAUGUUCGACCUCAAGCGGUCGGGGGUCCGCGUUUAUCUCGU,(.(()))()((())).()(()((((.((((((.))((()))(((((((((())()()(()(.)))))))((()))()(())((())))(((()()()))())))((((((.).()))))))((())()))))))).)()),(.(()))()((())).()(()((((.((((((.))((()))(((((((((())()()(()(.)))))))((()))()(())((())))(((()()()))())))[[[[[(.).()]]]]])((())()))))))).)()),10,0
UACACGAAUCGUUUAAUUAGGCCACUACUGAUAUGGUUGUUAUAACGAUCGACGUUCACCGGUUCUUCGACAUCUGGCCAAUUGGCGUCCCGACGGACCGUGUGUGGUUGUGGUAUUACCAUCAGUUGCCUAGUUGUGACCGU,.(.(()(()())))(())((())((()(()(())))))().()((((())((())(.))())))....(((()(((()))(((((())).())()((((((())))))))))))()()).().(())().()(((())))().,.(.(()(()())))(())((())((()(()(())))))().()((((())((())(.))())))....(((()(((()))(((((())).())()((((((()[[[[[))))))()(]]]]].(())().()(((())))().,10,23
CUGGAGACUAACGAUCGUUUACGACGUCCAUAUAGCAUCCUGUUCUACGGCUCGAUCUUUCCCCAGCUAAGAACGGAGAAAAUCUGCACACACGUUUAUACGUUCACCAGUAAUGAGUGAGUGGCCUAUUACUCCUGUCUCUAGUCUAUAUCGAUCGUGUG,(()((((((((((())))(()())()(.(()()(()()..)()(.((()()).(())(((....(()))))))()))((((().)()(.(.(())))()(())(.).(((()()((((((()(())())))))))))).))))))))()()((()())))),(()((((((((((())))(()())()(.(()()(()()..)()(.((()()).(())(((....(()))))))()))((((().)()(.(.(())))()(())(.).(([[[[[((((((()(())(]]]]])))))).))))))))()()((()())))),10,30
CUCAUAAUAAAUCUUAACGCGUCAGAAUCCCCGGAGGCUCCGAAGUUAGCUAACACGGCUGUAUCCGGAUUGGCAGUCGAGCUGCUGUCUAGCGGCCUCAAUAAGUGUAACGUAUUGUUACAUGGCCUCCUAGCGCCACAUCUUUUCC,.(.)().()(((((()((())).)))((..(()))(()(.())(((((())))((()()))()((()))((((((((()(())))))))()()(())(.)()))((()((()()))()()(())))))).()()().(.().))))..,.(.)().()(((((()((())).)))((..(()))(()(.())(((((())))((()()))()((()))((((((((()(())))))))()()(())(.)()))(([[[[()()))(]]]]())))))).()()().(.().))))..,8,21
UACCCCGUAAGCUCCUCACGGCCCGGAGUAAACUCAGAACCGCUCAAGUAGACGACUAUCCGGAGCAUGCAGGGUUGCGCAGAAGCAGUUGUGAGGAGUCGAACUCACCAUUGACUCCACAGCCAGAUCAUGAGUCUAGGAC,.(..(()(((())((((.())((()).)()(((((.)).((()((..)()(.((.)()((()))()()))))))))(())))..().))((((((((((()).))).).())((.))))))()(.(())()))))(())(.),.(..(()(((())((((.())((()).)()(((((.)).((()((..)()(.((.)()((()))()()))))))))(())))..().))(((((((([[[[[.))).).(]]]]]))))))()(.(())()))))(())(.),10,32
CGCUUUCUAUUGGAGUCCGUGUUGCUUAUAGUUAGAGUAGAUAGCAAACAAUGGAGGUCGGCGCCUCACUUGCAAAUACCACUUCGCUGCGGCUUACACGCCGCGCGUGGCUAAUGGCGCGUUAUUAGCUGACCAGUUGAACUGACUCCGGACCA,.(((((((()()).)((()((((()(((()())))))))))()())))((()((((((.((()))(.).((()))())))(.))()))()(()(().))()((())))))(()())()()(((((((())(.)((())))).))))((())))..,.(((((((()()).)((()((((()(((()())))))))))()())))((()((((((.((()))(.).((()))())))(.))()))()(()(().))()((()))))[[[[[))()()((((]]]]])(.)((())))).))))((())))..,10,22
CCCUAGGCCGGGGGAACAACUGACGUUGUCAUUCCACCGACGCAUGAAUCCGUCGCCUCCUGACUCGAGUCAACAUAUAGGAAUAAACAAAUUUUAUUCCAACCUCUGCAUCGCAGUAGAUUGCUAUAGUACCCUCAUAGAUGAAGACGAAA,.((()))(())((((((.(.))(()))((.()(..).()))()()(.())())()))(.((((((()))))).(.(()))))()...)((()))(()(((((..).))(()()(.)())()(()()()(())(((.()))())).))())..,.((()))(())((((((.(.))(()))((.()(..).()))()()(.())())()))(.((((((()))))).(.(()))))()...)((()))(()(((((..).))(()([[[[())(]]]]()()(())(((.()))())).))())..,8,16
GCAGUGGGCACGAGUCGUCUAAUGUACCACGUUUGCCUCCAGCCGACACAGAAUGUGAAGUAACGUGUGUCCUGAAGUCGCGACAUAGUCUAGAUUACUCGGCGUAACUGUCACGAUACCGGUCUUGGCUCUACAU,()(()((((((((()()))()(((())((())((()((..)()()((.(.).()))))))())())))))))(((((((()))((()((.(((()())(()())))))))(.)()(()(()))))()()))().)),()(()((((((((()()))()(((())((())((()((..)()()((.(.).()))))))())())))))))(((((((()))((()((.(((()())([[[)))))]]](.)()(()(()))))()()))().)),6,27
UAUGUGAGUUUACCUGGGACAACCGAUUUCGUGUCGGGUAAUCCAUAAAGGAUGCAGAGGGUUAAGCAGCUAUCCCGUGUUGCAUGCAGAGCCCCCUUGGGACGCGUCAACCACUGGAAUACGCGCCAGUGCCGCUUGAAAAUGGGAUGCG,()()().(((()((())))(..(((()((()(((()((()())))()((((.(())(.((((())()(()()))((()()(((())))).))))))))(((((())))..)((((((..()(())))))))))()(()))))))))())).,()()().(((()((())))(..(((()((()(((()((()())))()((((.(())(.((((())()(()()))((()()(((())))).))))))))(((((())))..)[[[[[(..()(()))]]]]]))()(()))))))))())).,10,0
GGCUCAGGUUAGACGGAGAGUUAUAGAUGCUAGCGGUCAUGUAGGGUUGCUCAAGCAUUAUAGAGAUGCCGUCGGCGCAGGUGACUGGAAACCCUAUAGUGCCUGGGGAGGCACAAGUCCGCUGUGAC,..(((.)((()).)))....((())).()(())().((())()).((()(((..()()(()))))((((()(()(())))(((.)(((...))(()()()()(()))))(()((..)))()))))).),..(((.)((()).)))....((())).()(())().((())()).((()(((..()()(()))))((((()(()(())))(((.)(((...))(()()[[[[[()))))]]]]]..)))()))))).),10,28
CUGUUGCGCGUCAACCGUAAUAGACAACAGAGAUGUUUACCUUAGAAUGACGUCGACAAUCUGUAUAUUAGGCCACACUUGUCCGUAGUGCACUUAACGUGCAUGUCGUUUAUGGCACACUGUCCUCCAUGAAUGCUAACGCG,(((((((())).)))()())()((.(((((((()(((((..)())))((.()(())))())(((()()()(())))))))().()((((())))()(())()))))()))()((()(((.)))).(.(())))(()())())),(((((((())).)))()())()((.(((((((()(((((..)())))((.()(())))())(((()()()(())))))))().()((((())))()(())())[[[()))()((]]]((.)))).(.(())))(()())())),6,21
GCCUGCGACCCAUCAAAGUUUUGUGGGUGUCCUAAUCAACUCUAUCCCCCUUCAUGCGCCACUUGGUGACCUAGUAAUUCUCAGCAAGUUUCGCGCUGGACCGGACACCGCAUUUAUAGUAUGCGCCCUGAGAGCGGUGUCAAUGAUUACACC,().(()((.((()((((()))())))()))).((((.((.).)()....(((.)(()()((.)((((((.(())()()))(((()((()))(()).))))))(((((..()())(())))()(())))())))(()(())))()))))).)..,().(()((.((()((((()))())))()))).((((.((.).)()....(((.)(()()((.)((((((.(())()()))(((()((()))(()).))))))(((((..()())(([[[)()(()))]]])))(()(())))()))))).)..,6,32
UUUAAUUGGUACUCUGGUCCGGGCGGCCAGGAUUCACUACUAGGCUCCUUAAUUGGCGAACCUGUCAAGCUGUCCGGUCCGUUCGGAUGAUUCACGUAAUGAGGAUUGCUUUUCCACACUUGUAACAUUC,...(())((()))..(()).(((((())(((()(.))(((())())(((((()(((()((.(()(.)(())))(()))))()(()((()()))(())))))))))))))))((.((.(.)))()).)...,...(())((()))..(()).(((((())(((()(.))(((())())(((((()(((()((.(()(.)(())))(()))))()(()((()()))(()))))[[[)))))]]]((.((.(.)))()).)...,6,19
UCGGUAGGAACCCGCCACGAACAUAAAUUCUCAGAAGAGCAAACUCCAAACCUUUGCUAGGCGUGAAGACCCCCAGUAGAAAUCUUGCCUUACUACCACAUGAUAGUUCCAUGCAUACGCCGAUUUGAUG,(.((()((..))())))((..).()(()((((.))((.().(((((((((..)))()()))()((.((.)...(.))((((().))()))())()..)(())()))))).((())().()()())))))),(.((()((..))())))((..).()(()((((.))((.().(((((((((..)))()()))()((.((.)...(.))((((().))()))())()..)[[[[())))))]]]]))().()()())))))),8,29
AUUCAGAGCCCAGAGAGAAGUUUUAGUAAUGACAGGGCCUAUCUGUAUGAUGUAAACAUUGCGAACAUCGCAAACGUUUCAGCGCAAGUUUCGGGGUCAACUAAAACUCCCAGGGAUAGCCUGCUUUAUCUUCGCCCAAUUGCGACGGAAUGAG,()((.))()((.)((((((((((()(()()(.)(((())(()(()()()())()).)())()(..)()()))))()))))(()()((((((()((())..)())))))(((.)))()(().)()))())))((()(((())(().))).()))),()((.))()((.)((((((((((()(()()(.)(((())(()(()()()())()).)())()(..)()()))))()))))(()()((((((()((())..)())))))(((.))[[[[[).)())]]]]])((()(((())(().))).()))),10,17
CCUCUACAUUCGCUGGGACCCUCUGUCGAUGAUGCAAUCGACUCGGUGGCGUCACGAGGUCUUCAACAACUAACCCAAGAGGGCUGAGAGAUUAAAUGCCAUUUAUUGGCACGACAGGAAAC,..(.()(()((()((((.)))(.(((.((((.(())((())((())()()))))()((()))))).)))(()((((..).))())))))))(())()()(()(()(()())())(.))....,..(.()(()((()((((.)))(.(((.((((.(())((())((())()()))))()((()))))).)))(()((((..).))())))))))(())()[[[[)(()(]]]])())(.))....,8,11
UCGGAUCUCAUGCUAGUCGUUUCGAGAGGCAGAUAGGCAAGAACAUACGUGGGUGGCAACGAGCGCGCUUGUUGAGCUGUCGAUCAGCGAGAGUCUGUAACUGUGCCAGUACAGGAAACAUGAUG,(()).((((())(())(()(((()))))())))()..(..)..((()()))..().(.(()(((())))))(())()()(())((.()))(.())((().)(()()(.(()).)))..(())().,(()).((((())(())(()(((()))))())))()..(..)..((()()))..().(.(()(((())))))(())()()(())((.()))(.())((().[[[[()(.((]]]]))..(())().,8,9
AAGGCCCCUUGAGUUACAAGGGACUCUAUGAGUGGUACGCAAAACACAUGCGGAUCCGGAGAGACUGCAAGCAUGGGACACGAGGCCGACCGGUGUACUGCUCACCCGACUCAGUACCAACGGGCAUGAGUGUUG,....(((((()))(()(.((((.)))())))((((()())....))(())()(())))).)((.)(())(()()(((((.().)((()((())))()))())).)(()((((.(())(..())()()))))))).,....(((((()))(()(.((((.)))())))((((()())....))(())()(())))).)((.)(())(()()(((((.().)((()((())))()))())).[[[[((((.(())(..]]]])()))))))).,8,20
AUGGAGGAGCCUAUUGCGCUCUCCUGUUUUCACUAUUACGAAAGUUUCCCACGUCGGAUUCUAAUGCCCGUGGGAAUGGAAGGCAUCAAUGCAAAUAACCCCCAGUCUUAUGCUGGGUCCAAGCACCAUACUCAC,.(((.((.())(()(()()(.(..()((((.(.)()()()))))(((((((())())((((()()()((()))))))))))(()()))()()))())))))..(((.(()(()(((()))))())..()))).).,.(((.((.())(()(()()(.(..()((((.(.)()()()))))(((((((())())((((()()()((()))))))))))(()()))()()))())))))[[[[(.(()((]]]]()))))())..()))).).,8,17
ACGGUCUGGAUGAAAUGAACCACAGUAACCAACUUUCAAUCAGAGAUCUGAGGAUAGGCAGAUAGACCAGAUGGGGGAGAUAAGUCUCAAAAAGUAUUCUCUAUUUCGCAUAGACGGACUCGUCAAUAUUUC,.()(((()))().((((.(((.(.)().((((.))((.(((.))(()))))))().)((.)(()(.((.)())((((((.().())))....((())))))(()(((()().))())))))))))(())))),.()(((()))().((((.(((.(.)().((((.))((.(((.))(()))))))().)((.)(()(.((.)())((((((.().())))....((())))))(()[[[[)().))]]]])))))))(())))),8,25
CGCCAAGGAGCAUCCCAGAUGCGAUACAGCGGUCCGAUAGCCACGGGAAUAUGCAGACUGAAUUAAAGCCGGGCUCCCCUCUUUGACAGCUCGUAUGACAACUAUCCCACGUUUGGGGAACGUCCGUCUCAAUCCUG,.()(..((.()()))(.)(((()().))(()(((()(()().(.((((()()()((.))((())(((((())())....).))((.)(())()(()(.))))()))))(()))))(((((()).())))))())))),.()(..((.()()))(.)(((()().))(()(((()(()().(.((((()()()((.))((())(((((())())....).))((.)(())()(()(.))))()))))[[[[)))((((]]]].())))))())))),8,22
UGUUAGUUACUGUAAUUCCACCGUUCGCUAUUCGCCAUCGGACACCUAUUAACAGGUGUUGACUUUAUGGCUCUGUUAGGGAGCCCGGCAAGUUUGCUUACUUUGGCCAUCCAAAGCAAGAUCGACCGUGAGAACGUGAAGCG,.()((())(.)(()()(..)(()(((()()(((()(()())(((.(()(())(.)))(((((.)((()(())((()()))))()(()))))((((()(()(((((())()..)))).))(())))))))))).(()))))))),.()((())(.)(()()(..)(()(((()()(((()(()())(((.(()(())(.)))(((((.)((()(())((()()))))()(()))))((((()(()(((((())[[[.)))).))]]])))))))))).(()))))))),6,48
UUCCAUUGCUUCACAGUAAAUAAUAGGGAACGCGAUUCUGCAUAAGCGUCUUCGUUAACCAACCCCUGUAAGCAGACUUGUGACACUGAACCGUCUGCUCUACUAGGAUAACUACCUCCUGAUUGUCCGAGGUGUGCGUCAAUGUGUUAAAUAAC,((.((((()((.((.))))()))()(((((()()())((())().())))((.((())).)))).(((()(()(((.(((((.)))())).())))()((()(()))()((.)(..)((((())().()))))(())))))())))(())())).,((.((((()((.((.))))()))()(((((()()())((())().())))((.((())).)))).(((()(()(((.(((((.)))())).())))()((()(()))()((.)[[[[[(((())().(]]]]](())))))())))(())())).,10,21
UCGAACACGGGGCAUUCUAGUACCAAGGCGUUCCAUAUAGAACUAGUGCCCGAAACCGGAUAUUUUGCUUGCCCUCUUAAGGGUACGAUGAGAGUCUUUACAUAACUGUAGUGCGAUCUU,.()((.(()((()())))((())((((((()(.(()()((.((()))()(()((((())(())))))))(()(((((()))))()()())))))))))(((.()(.))))))(()()))),.()((.(()((()())))((())((((((()(.(()()((.((()))()(()((((())(())))))))(()(((((()))))()()())))))))))[[[.()(.)]]]))(()()))),6,0
GAACUCUUAUAUCCCUAUUGCAUAAUAAUCACGUCAUUUACGUGACAUUGAAUGCAAAAUGCGGAGCGUAAUAGGCGUGGUAGUCGAGCCGCUCGGUGCACUGCGGGACGUUCCGCGCGAGCGGACAUCGGAAAACGUUGAAUAGUUAAUAAGCG,...((((()()((((()((()()))()()((())(.((()()((.))(())()())).()())).)()()().)(())))()((())()(()(((((()))(((((((())))))))))))))))(()())..((())))..().(())().().,...((((()()((((()((()()))()()((())(.((()()((.))(())()())).()())).)()()().)(())))()((())()(()(((((()))(((((((())[[[[))))))]]]](()())..((())))..().(())().().,8,26
UUAGCAGGCGGGAUUUGAUCAAUAAGAGACCAGUUCAAUUAUGGUGAUACUACGUCAGAUCGGUGAGAUCCACCCUUGGGACCCGCCGAACCACCGUGUAACGUGCGUGGUGCCUGAGUGUGCG,(())((((((((.((((()))()))(.(.)(((((((()())))()())))(())(.(())))((.(()))))))(((((.)))()()))((((()()()(())())))))))))).((())).,(())((((((((.((((()))()))(.(.)(((((((()())))()())))(())(.(()))[[[.(())]]]))(((((.)))()()))((((()()()(())())))))))))).((())).,6,19
ACUAUUGUUUGGUCUCACUUUGUCCCCCUUGCCUCCGUUUUUCGUUACCAUUGCUGGCUGUGGCAGGAGCUAGCAAAUGGUUAAUCCAGUUAUCUAACAGAUAGUGAUAAGCGCCCCAGCGUUCUGUUACGUUGCUGU,(.)().()..(())..(.)..().......()..(()(((((()(()((()(((((()()))))))))((())))((((((()))).(()))).))).))(()((((()(()()...((())).)()()())))))).,(.)().()..(())..(.)..().......()..(()(((((()(()((()((([[[[[))))))))]]]]])))((((((()))).(()))).))).))(()((((()(()()...((())).)()()())))))).,10,34
UGCCACGCUAGAGUAGAAAGUGCACGGCGAUACGUAAAGACUGUGCUGAUUAUCGACUCUGCGAAGUUCACGUUAGGUUGUGGAGUACCUAGGACACUGGUGUAGAACAAUUUCGGCGCGUUUAAUUGCAUGUUGAAAGCUUAACCCUAUCUGCCAAUGAA,((((.(()()).)())..((()((()(()(()()()(((.))(()))(()(()()))))))().(((((((((())()))))))(()))((((((((()))))((..)(()))()(()()((()(((()()()()))(()))))))))))))()))()...,((((.(()()).)())..((()((()(()(()()()(((.))(()))(()(()()))))))().((((((((([[[()))))))(())]]]((((((()))))((..)(()))()(()()((()(((()()()()))(()))))))))))))()))()...,6,22
GACGCGAUGCGGAGCAAGGCCCAUACGAUCUGCUGAAUUGGGCGUGAAAUGGCUAGUCGAAGGAUACUAUCUUUGUCUAGAGGCGGUGCGUGACAUGAAGGUCAUCUCAUGGCUCCUAAGCCCUCUUUG,.(()()(()()(.((.((())(.()()()((()()(())))())))(((()((())(()).((.())())))))(((()))(((((()()().(())(((())().)(())())))().))))))))(),.(()()(()()(.((.((())(.()()()((()()(())))())))(((()((())(()[[[[[())()]]]]](((()))(((((()()().(())(((())().)(())())))().))))))))(),10,21
ACUGUUCCCCUUAGUUUACGUUAGAUCAACGAAAUGACUGCCUUCGGACUAAUUUGAGUUUCCGAAAUAAUUCGCGAUCGGACUUUGAACCCCCAUCCCAGCGGGCCAGCGAACACGGACAAUCCCCAGC,..((((...((()(((((())()(())))()((()((.)())))()(((((())())))(((()((()(())()()()()(.)))((..)....)(..(.)()(()))()))))))))).)())...)(),..((((...((()(((((())()(())))()((()((.)())))()(((((())([[[[[((()((()]]]]])()()()(.)))((..)....)(..(.)()(()))()))))))))).)())...)(),10,41
UUGGUAUGUCCGUCAACAAUUCCCGAAAUUCCGAGACCUAUGUGUCCAAUCCUGAAGCGACACGAGCUAGAGAGCUCGUCUUCGAAAGGUGUCCCGACUAAUCCCCGUCCUGUCCGGAGCGAUCGUGGGACCGUA,(()((()((.()(.)))(())((()((())(()((.).()))))(.((()..))).())))((((())((.((())()(.((())))(((((..()))())))))())((()((()))(((())))))(.))))),(()((()((.()(.)))(())((()((())(()((.).()))))(.((()..))).())))((((())[[[((())()]]](())))(((((..()))())))))())((()((()))(((())))))(.))))),6,17
ACGUGAUCAUGCCCGAAUAAGCCUACGCCUAGGGUGCUCUCACACCCAUGAGUGCCUCGAAUCUAACGCUCUAGGAUCGUUCUGGUGCACCGACUAUGAAUCCUUUGCUUGAGCUUGGCUAGAGCCUUAGAGCUC,(())(())()()..(((()(()(()(()(()))))()).))(.(.((())(((().(()))(.())()))(())(()))))(((((())))((.)()((()..)((()((((())()())))))))(())))...,(())(())()()..(((()(()(()(()(()))))()).))(.(.((())(((().(()))(.()[[[))(())(()]]])(((((())))((.)()((()..)((()((((())()())))))))(())))...,6,12
CGCGCUACGGAUUCGGCAAGUCGUGCGCAUUGGACCUCCGUCCUGUCCCAAUCAGAAGAGCGCAUCUCAUCGCAAGCCUUCUAACUUGCUAACCAAAACAGCUACAUAUAGUCCCAUACCGCCGUCUGAGCCGA,.()()((.((.((()()))((.(((()))((((.))(.()(.((((...)())))))((()()().))()().))())((.(((.))()())..))).)(()()(.(()))))).(()..()()).)(.())).,.()()((.((.((()()))((.(((()))((((.))(.()(.((((...)())))))(([[[)().))()]]]))())((.(((.))()())..))).)(()()(.(()))))).(()..()()).)(.())).,6,26
GGUAGAGUCAUUCGGCAAUCAAGCAGUAAGCCGUUCCAAGUCUGUAAGGUCGACUGCGGAGAUGAAUCUCAGUUCAAAGCUGGAACAAGGCAACGAGGUAAAUGCACGGAUAGCGUACAGCAGACGAAAACAGGCUGCCAAUGA,..()...((()(((()((((..)(.)())()())))(.((((()().(())))))())))))()..((((.)(((..(()))(..)))(()..)).))()..()(.()).()()(()).().(.)(...((.)())()).()..,..()...((()(((()((((..)(.)())()())))(.((((()().(())))))())))))([[[((((.)]]]..(()))(..)))(()..)).))()..()(.()).()()(()).().(.)(...((.)())()).()..,6,14
GGAAUUACUGUGUCCUGAACCUCAGACCUGGUGCGGCGUAGGUAAGCAUAUAAGCCGACGUCAAUCACGAAAUUGUCUCUCGUGUCAAGUUUUGUGGUCCCUUGACCGGGUAAAAUGCGGUACCUUAUGGAAACAGUGU,..(()((((((()((()((((((.)(((())()()()))))))((()(()()(().((()))(()(.().(()))).)((()(().))))))())))(((((())(()))()((()(()(())))()))))).)))))),..(()((((((()((()((((((.)(((())()()()))))))((()(()()(().((()))(()[[[[[(()))).)(]]]]]).))))))())))(((((())(()))()((()(()(())))()))))).)))))),10,43
GUAUUCGCAAAACUCUACCCAUGAGCAGUGUUUACAUGUCUAAGGGUAUGUGCAUAUUGACCUGGACGGUUAUAAGAACCGGUGUUGGGGGCCUGCAUACAUAAGUAAUCACUCUAGCGGUAGAGAGGCCGUAAUUCCAUUCGAGGGGGU,.()(((()..(((((()(((.(((()((()))()(())))())))((()((()()()()))(())))))((()))).((()))))))))..(((())()(.().(()()).(((())()())).).))((()(())((()(())))))(),.()(((()..(((((()(((.(((()((()))()(())))())))((()((()()()()))(())))))(([[[)).((())]]]))))..(((())()(.().(()()).(((())()())).).))((()(())((()(())))))(),6,18
AGCCCGGGGGUGACCUCCUUGCGCCCCAAGAAUCCGCUUAUAGAGCGAAUAAUGGAUUGGAGAAAAUUAAGUCUCCUAAUUGGGCCCGUCCUAUCAACGAUGCUUUUUACAGUCCAAGGAAUCAUGCAAUCCAAUACAUUGGUCGG,.()(((((((().))(((((()().((.((.())().)(())).())))()())))((((((.((())((().)..)(())((()))()..()))((()()()))))()))((((..)))()))(())())).(()(()()))))),.()(((((((().))(((((()().((.((.())().)(())).())))()())))((((((.([[[[[(().)..]]]]]((()))()..()))((()()()))))()))((((..)))()))(())())).(()(()()))))),10,8
UGCUGGUUGUUCAGCACUCAAACGUGCCCAUCCCCGUGCGUGACGAAUAAGGCAGCAUACUUAAAGACGUUAAAACGCGAACGUGCUGGCGUAUCACAGCAUCCGGUCAGUCGCGGUUACCAUAGCUAACAAGCUACAGCAUAUCCAUUUCAGUGCCA,.()(((((((((.()(((.)((())()..()...())()))))()).().(()(()(()((())((.)((())..)()(.(())()(((()()))))(()()(()))(.))(())))).))(()())))(.(()()((()((()..)))(.))))))),.()(((((((((.()(((.)((())()..()...())()))))()).().(()(()(()((())((.)((()).[[[[(.(())()((]]]])))))(()()(()))(.))(())))).))(()())))(.(()()((()((()..)))(.))))))),8,38
ACGGGUCCACAUAUGAAGAUCAAUGUGGUUGGGAGACUGGCACUCCUGCCUUAAGACAGUAUAAGCAUGUCCCCUUCAUGAGGGCGCUGCGUGAAUAUCCGCGGAGAGAUUGGGGGUAUCAGGUUCCCAAGCUCUGACAGGCGG,.().((((.((()))..)()(.())((((()((.(((((()((((((()((())))(((()().((())))((((((()))(((()))()()(.(()))()))).).)()))))))()))))())))))(()))().)))))..,.().((((.((()))..)()(.())((((()((.(((((()((((((()((())))(((()().((())))([[[[(())]]]]()))()()(.(()))()))).).)()))))))()))))())))))(()))().)))))..,8,53
ACUCGCGUUUCGCGAAGACAGGGGUGUUUCCCCCAAUGGUGAAGCCAUAUCAGGGGGGUGCUGCAGUAUAAAUCAGUCCGGAUUAAUCGGACCCCGCAAGACCGUAUUUGAACGAUCCGCCCACGUGCAUUCUCACUGCAUUCUAG,..((()()(((()))))).((((((()((...((.())()))))))(()))((((((((()(())(()()(()(.))).((()()()()(.)))(()..))))((()(())))(())())))(()(()))).))(.(())))(()),..((()()(((()))))).((((((()((...((.())()))))))(()))((((((((()(())(()()(()(.[[[[[(()()()]]]]]))(()..))))((()(())))(())())))(()(()))).))(.(())))(()),10,34
AACAAAACCGCUGCGACUCUUCCUCGUGACUUCGAUCUAGAAUACCUCAGAUGACGUAAAGCCUUUUCUGCAUGACUGAGAUGGAAUUAGUUCCUCGUAUUACCUUCGAAGAAAGGAGAAAUUGGCCUUCCGAUCGUAGUUU,.(.((((..())(()(.)))(((((()))(((())((()))()((((.))())(()()((().))))(()(())(.))))())))()()()((((()(()().(((()))))).)))(((())(())))(()()()())))),.(.((((..())(()(.)))(((((()))(((())((()))()((((.))())(()()((().))))(()(())[[[[))())))()]]]]((((()(()().(((()))))).)))(((())(())))(()()()())))),8,24
GAACCCAGAUAUACUUAUACAAGUUCAAUUCGCAGCGCCAGAUCUCUGUAGAAUUAACGUGUUUUAAAAUAAAGGACGCCUGCAGAAGCUGGCAACAUAAGCGUUUAACCUCGUAGGGCUUCCAUGG,..((((.)(()()(((()).).(((((())()((()().((())).))())(())))))))(((()))())..)(.)()((()))((())(().((.().()))(())(((()()))))))((())),..((((.)(()()(((()).).(((((())()((()().((())).))())(())))))[[[((()))]]]..)(.)()((()))((())(().((.().()))(())(((()()))))))((())),6,11
UUUCAUAAAGUGACUAAAUUGUCCGUACUGUCAGCUGAAACCUCGUAUCCACGUACCGCUUGAACCUGCUAGGGGCAGCAGCGCCUUGUGUUUACGUGCCAGAACUUAGGAUUCAGUGAUACCCAGCCGGGAUAGAAGAAGUCCCGGGGGACUG,(((.()))((((((()(()))))(()(((((((())))..)(((((((.((.(())(()((((((((()())))(((()((()).)())))))(())()))(.(((()))()))))))))))((.()()))().)).)).))((())))).))),(((.()))((((((()(()))))(()(((((((())))..)(((((((.((.(())(()((((((((()([[[[(((()((()]]]]))))))(())()))(.(((()))()))))))))))((.()()))().)).)).))((())))).))),8,62
CGCCAAGCGGUGCAUUUACUGAGGAAGCACUGCGCACGGAGGUUACUGAUGCUUGGAGAUUACCAUUAAAUGUAACUCUUUCUCCUGUGGUUUUGGCGCACAGUCUGCCUUGCCUUAAAUCGUACCGUU,.().(((((((())((()(()(((((((((((()))())((()()(()())))))(((()()).((())()(()(.))))))).((())))))))(())).)())))).))().(())().(())()..,.().(((((((())((()(()(((((((((((()))())((()()(()())))))(((()())[[[())]]]()(.))))))).((())))))))(())).)())))).))().(())().(())()..,6,39
UUGGCCAGCAGCCUUGGCCACUCAGCCGCCGACAAACUUACUAGGUAGACCGAGACGUUUGCGCGCGUGACUUAACACGCUCUGUUGUUGUGGACGUCGCGUCAUGAGAUCUUCCGGUAGAAACAUAGUACGGUCGCCCCGGCACAUCCGUAUUUC,..(()((()(().)))()((.)((().()(((((((.)(((())(()(((()(((())))((()))))(.)(()))(.())))))))))))))(()(()()((()(((())))(())())))(.((((())(((.().(()).))())())))))),..(()((()(().)))()((.)((().()(((((((.)(((())(()(((()(((())))((()))))(.)([[[[[.()))]]]]]))))))(()(()()((()(((())))(())())))(.((((())(((.().(()).))())())))))),10,29
ACACCACAGUUACAGACUCACUCGAAAUGCAUUCGAGUGUGUGUCCCUUCCUUUUAUCGCGCUUAUAAAGAAGCGCCCCACGGUUAGCCUCGAGCCCUUCCUCAGUGAAGGCCAUUCCCAAUUUGGGUUGCACAGCAGUAUGUGC,..(.((((((().)((.)((((())(((())))((((((())))...)(..((((().()()((()))))))(())...)))))()))))()(()..)(.((.))(((((())()).(((())())))(())))()))())))(),..(.((((((().)((.)((((())(((())))((((((())))...)(..((((().([[[[(())))))]]]])...)))))()))))()(()..)(.((.))(((((())()).(((())())))(())))()))())))(),8,16
GACUUACGCGCGUCAUAAAGUGAGAGGUGCGCACUACACAAGAACGUAUGGUUCGGGAUACAUCACCCAGCUGACGGGUUUAGCUGUAUGACUCACCGACCAUUACAAAGUCACUCAGCAUGCUGCGACAGUGCCGCACUCUAGUCGCAAAAGCA,(.((()()()()((.()..()))(.((((())))())((..(((())()((((.(((()(.((.)((((())(.))))))((())((()((.))))())))()())))(((.)))((((())))(()((.))()))).)))()))()))...)).,(.((()()()()((.()..()))(.((((())))())((..(((())()((((.(((()(.((.)((((())(.)[[[[[((())((()]]]]]))())))()())))(((.)))((((())))(()((.))()))).)))()))()))...)).,10,48
GGCUCCGAUAAUUCCUCAUCCCACCGGUAUCGGGGUCGAGGUACUUCCCUAUAUGGGGCGUAUGUCCUAGAGGGUAAUGCGGGAUCUAGCCGCCGGAAAUAAAGAAAUAUCAGCCACAGUCGUUGGU,.()(((((()()))(((()(((((()))()())))(())))()((((((((())))))()(()().(())))))()()()))))((()()()(())..()...))(()()(.()((.(()()))))),.()(((((()()))(((()(((((()))()())))(())))()((((((((()))[[[[)(()]]]]())))))()()()))))((()()()(())..()...))(()()(.()((.(()()))))),8,26
GAGUAAAAUCCUCAAAUAUGGGAUCCUCCCUUUCCCCCAACUUGACCCAACUUUUCCGAAAAAAGAUUCGGUUUCAUAGCGGGGUGUGCAGUUUUCUGACACGCACGCGUUAGGAGCGGCGAGUAUC,(((()..())(((((()()(((())))((((((....(((.))))...))(((((.()))))(((()(()))))(.()()))))((())))))(((((.))(()((()))()))))()())))())),(((()..())(((((()()(((())))((((((....(((.))))...))((((([[[[)))(((()]]]])))(.()()))))((())))))(((((.))(()((()))()))))()())))())),8,42
AUGGCAUGUAUAACAUUAAAUCGAUUGUUUCUGAGUGAUGUCUUGCGUAGCGCUGAUUCACACGGGACAUCCCGGUGUCUUCCCACGUAACAGGAGUCUCCACUGGCUACGAGCUCUUUUAAACCACA,()(((())()()((((())((()))))))).((((()(())))((()(((()))(()(.))(()(((.().(()())))((...(()))))((((().))((.))()()()(()))))(()))).))),()(((())()()((((())((()))))))).((((()(())))((()(((()))(()(.))(()(([[[).(()(]]])((...(()))))((((().))((.))()()()(()))))(()))).))),6,18
UCAGCCUAACGCGCGGUAUAGGGGCAAUAGUCUUUAAUAUAAAGUAUCCACAGCUUUCUGGAUCUCGACUUUGCCUCUAUAGUGGUAUAUGCCGAUUUACACUUGAAAUUCCCUCGGGGGAAACCACUGUGUUUUCCGCUAAGUAGACGCACCGAGCAUAUCGAUUAUCAGACGGUUAUGCAUACAACUUUUGUUACAAUUGAGUUCGUUGUACAGAAUAUACCUAAACACGUGGUUUAAUAAACCGUCUGGUCUGUCGCUCAGUACAUUGACC,..(().)((()()()(()()(((((((()((.((()(()))))((()..))(()))).))(())(()))))()))).)()((()((()()()((())((((.)(((((((((((()))))))(.((.()))))))).()())))))))()(((((()()()()()()))((((((((()()()((((.))((((()((())))((((()((()))))(()))))()))((()))))(()()))))))))))))))().()((((())())))..,..(().)((()()()(()()(((((((()((.((()(()))))(([[[[[)(()))).]]]]])(()))))()))).)()((()((()()()((())((((.)(((((((((((()))))))(.((.()))))))).()())))))))()(((((()()()()()()))((((((((()()()((((.))(((([[[[())))((((()]]]]))))(()))))()))((()))))(()()))))))))))))))().()((((())())))..,18,86
GCCCCUUUUUUAAACCCAUCCGAUGUGCCGCGCUGGGUUGUCGCUCCCCCAGCGGGGAGCGGCUGAUGCCUAGCUGGGACUUAUGGCGCGUGCUUAUCGGGUGCGGCCUAGAUGAGAUUAACAUGUGUACAGAGCAUGUGGUGCUUGCCUUCUACGUCUAAUAGCAUUACACCUUCUUCACGAUACCGUGAAUGGUGGUGGAACCCUAAACUUGGGGAUUCGGAGGAUGGUCUGCGGGCUGAGGGAUAGGAUUUGUGCCAAA,()((((((((())((((()(()())(()(()()(((()()))()(((((((()((((((()((()()))))(())(((.)(()()(()()(()((()()))()()()(())(((((())(((())((()))((((())()(())))()))).()()))())()()())))))))))((.)()()))())).()))()()))))(((()((.))))((())))))))())((((()))))))))))().))()(((()).)).,()((((((((())((((()(()())(()(()()(((()()))()[[[((((()((]]](()((()()))))(())(((.)(()()(()()(()((()()))()()()(())(((((())(((())((()))((((())()(())))()))).()()))())()()())))))))))((.)()()[[[[)).(]]]])()))))(((()((.))))((())))))))())((((()))))))))))().))()(((()).)).,14,57
AUAUAGCCAUCUUACGUGGCAGGCCUGACACUGAUGUAGUCCUGAGGUAAGGGACUCGCAUUACCCCAUAGCUCUGGCCACCACGACUGGUUGCCACGAAGCACCGCCUCAGCCACAUCGCAUGAAGGAAGGAAGACAAUAGCGCCAACUAUUUUCGCCCGGAGUCCAAUUGCGCUUAUAGGCCAUCAUCCUGGCGGUGGAUUCGUCACAUUUCUUUUAAAGGUCCUUACAUAAUCUUUGUAGGCUCCUCUACUAUAGCACAUAGCUAAAAGUACGGUGGCAUUAGUU,(()()(((()((((())(()((()))((((.))()(()((((((.((().((((.))()()()))))(()()))((()))..)()(.)))((().)()))()(..((((.(()((.(((()()))(((((((((((.((()()().((.()))))(()(()).))).(())()()(()()(())()(()((())()()))))))((.))()))((((())))))))(().)()().))))))))))))))()((())))).)()((()...)())))((()()))))),(()()(((()((((())(()((()))((((.))()(()((((((.([[[[((((.))()(]]]])))(()()))((()))..)()(.)))((().)()))()(..((((.(()((.(((()()))(((((((((((.((()()().((.()))))(()(()).))).(())()()(()()(())()(()((())()()[[[)))((.))()]]](((())))))))(().)()().))))))))))))))()((())))).)()((()...)())))((()()))))),14,88
UGCCCGCUGGUUGGAUCCGGAGGUAUUUCGUCUCGAUAGUCGCCAGAAUACGGCGUGUUGGGAGCACGUUGCCUAGGUGUGACGAAGACUAAUGAAUACCCAUUGAAGACCCACCGGGGACUCGUACGGACUGGACUUACGAGGACGGUUGGUACGUAGAUGUCGCCAUUUUCUGAAAAAGAUGGAGUUCGUGCUAUACGCCUCCCCGCGGCGUGCUGGGCGGCACGACGUGUCGCCUGACAGCGCGGGGUAGGAAGAUUAGCGCGCGACGGCAACUCAUAUCUAGG,()(((()((((())())))).))()((((()((())()()(()(.).(()()((())))))))())(((((((())())))))))((.(()())..()(((.(())((.)((((())((.)(((()))).)))((((()()))((()((()(()()()(()()()))))))))((....((()(((()))()()()()())))((((()))()()(())()))))()(())))(()(((.))(())))))())(..(()()(()()().()()..)))(())))...,()(((()((((())())))).))()((((()((())()()(()(.).(()()((()))[[[[)())(((((]]]])())))))))((.(()())..()(((.(())((.)((((())((.)(((()))).)))((((()()))((()((()(()()()(()()()))))))))((....((()(((()))()()()()())))((((()))[[[[(())()))]]]](())))(()(((.))(())))))())(..(()()(()()().()()..)))(())))...,16,56
GUAAGACAUAGGCCAUGCUUGGCACGCAUGUCAAGCAACCUAAGGACACCCCCUUAGGGGUUCUAUAAUGAAAAUUGCUGCUCCUUUUGGUAACCAAUGGCCUCUACUGCUAGUUCGGUCGCUAACCCAGGAAUAUUCUUGAAUAUACGAGACAACGAUUGCUGGAAGGUUCGAUGUACACUCUCGGUCGCGUUACAAUGCGCGGACAGCGCAUGUCUGACUAGGCCGCUGGCAGGACUCUUGAAUGCAUUGUUUUGAACAGUGCAAGCGACUUUAUCAGAUGUGCAAUGUAG,.().(.)()((()(())))((()((()()))))(()((..()((((.(..((((())))))((()()()))((())())())))))))((().))(()(()))((((()(())((((((.()())))((((((()))))))((()()()((((((()())()))((((()(()()(()))))((()(((()()()(.()(()))))))()()()))))(((())(((((())).)).)))(()(((())))))))))))((()()(((().)))(()(.))))(())())))),.().(.)()((()(())))((()((()()))))(()((..()((((.[[[[(((())]]]]((()()()))((())())())))))))((().))(()(()))((((()(())((((((.()())))((((((()))))))((()()()((((((()())()))((((()(()()(()))))((()(((()()()(.()(()[[[)))()()()))]]]((())(((((())).)).)))(()(((())))))))))))((()()(((().)))(()(.))))(())())))),14,58
CCCGCUGUCGCGAAUUAUAGUAUGCUUGAGGCGAAACUAGGGCUGAGCAGGACGAACGCUCAAACCGUCUCGCAUCAAAUUAGAACGUGAGAGUCGGGAGCGCCAUGCGUAGAACUGACGUUGUUUUCGCUCUCUUGCUCAAUUAUUUACAAUUCAUCGAUUCAGAGUAAGGUAGUUUCGUUAUUAGCGAGAAAGUCUCUUCGGGUUCACUUACCCCCGGAUCUCAGAUCGCCGGUAGUCUAGGGAAAGUUCAUCCUAUCGGCAGGCCUCUGGGGAGACGCAAAUC,.((()(((()()((((()))()()((()))()(((((())(()()(()((((()(((((((..((()((((().((..()()))(())))))))()))(((()(())()())..)))(())))))))())).))))()))(()())))))(())(()()()((.)))())))()((((()((()()()))((((().)(((()(()(.))(().(((()(())(.((((()(())()))))))))))))))))((((()((()((())))()))).))().))()),.((()(((()()((((()))()()((()))()(((((())(()()(()(([[[[(((((((..((]]]]((().((..()()))(())))))))()))(((()(())()())..)))(())))))))())).))))()))(()())))))(())(()()()((.)))())))()((((()((()()()))(((([[[)(((()]]](.))(().(((()(())(.((((()(())()))))))))))))))))((((()((()((())))()))).))().))()),14,86
AAGGUGGGCGCAUUUUUAACAAUUUUAUCGGGGGUUUCCCAUAUCUACAUCGGAUCUGUCGCUCCUUGAUAGAAUGCACAUAGGUUUCCCAACAUGCACGAUUGACCGUCUCGAGUUUCAUUAACGUGUCGAUCGAGUUCUCGCGCGCGGCGGGAAGGCAUCUAACGCCAGGUCCUCGUAAAAUCGUGGCGGUGGCUGUUGGACUAAGGUCUUCGUAUUAGUCGAGAAGAGGAAAGAAUUUGGCUGCACGCCCUCUGCGUCCAAUGAUGCUCCUUACUUACAAGAUGCCUCUUGGAAAGCCCCUG,.((()((()()()))(()))(()))(((())((((((..(()()(()(()())((((((.(((.((()())))()))))())))((((((((((()((()()))(.())((()))((((()()(())()((())((()))(()()()()()))))))((()(()((()(.(()(((()())(()()))))))))))))))))(.)(((())))()(()()()())))))((((((((())((()(()))))..)(()()(..)())()())..)())(().)((()()))))))))))()))))),.((()((()()()))(()))(()))(((())((((((..(()()(()(()())([[[[(.(((.((()(]]]]()))))())))((((((((((()((()()))(.())((()))((((()()(())()((())((()))(()()()()()))))))((()(()((()(.(()(((()())(()()))))))))))))))))(.)(((()[[[[)(()()()())]]]]((((((((())((()(()))))..)(()()(..)())()())..)())(().)((()()))))))))))()))))),16,33
GCAGUUAGACAGUGGCUGCCCGCUUCGCUCGUCAAAUGUGGAAUACGCGGGCCUCGCAACGAAAUGGCGAUUCCUAUAGACCGACGACCAAAUCUCGCAAUAGCCUUUGGCGGUCACAGGGCUAGGAUCCUUCCAGAAGAUGUCGAUGGACUCAAUCAUUAGAAGAGGUUAGCUCACCUGAUCGUAAAUUGAACCUCAGUGUCCAGUACUGAUGGACGGCUCCGUAUUUAGAUACACUAUACACUUACGCGAUGGCAGGCGAGGGUACUGCUGGCCUUACUCCUUU,()(((()(((.))(()())).()((()((()(.))())()(.()(()()(()))())))())(()((().(((((()))((((.)(.)(..()((()(((()().))())()((.)))))()()))()((((.(.))))())(())))((.))))((()()))((((((()()(.)((()((()())()))(((((((()()((((())))()(((()())))))()(()(.()))(()()((.(()(())))))(.)()))))(()))()))))))()))))))),()(((()(((.))(()())).()((()((()(.))())()(.()(()()(()))())))([[[()((().]]]((()))((((.)(.)(..()((()(((()().))())()((.)))))()()))()((((.(.))))())(())))((.))))((()()))((((((()()(.)((()((()())()))(((((((()([[[[(())))(]]]]()())))))()(()(.()))(()()((.(()(())))))(.)()))))(()))()))))))()))))))),14,55
ACGACUUUUCCUAACAAUAGUUCGUUUCCAGUCCUCCAUCUAGAUGAUACGUCGACGAUUUUCUGUCGAUUUAAUACGCGGGAAUGUUCGCAAAAAAAUAGUCACUUAGGACUCGAUUUACUGAGAAGAAGUUCUUUUUGCGGACGUGUUAAGAUCGGAAGAAAUGGUUUGUUCCAGGCCAAAUUACGCCGCCUGCAAGACGAAUUCACGUUUCUUCGCGUUUGAAGAAACGCUUCUUUUCAAUAUAGAUCGAGUGCACUCUAGCUAUCAGUCACUCACCACGGUUAAA,.()(.)((((((((((()(())())((.(.)(..(.((((()))))()(())()(()())((.()(())((())()(()))(((()))()))))))((()((.))))))((((()()(()(().))))((()).)))))()))(()))(())(())(((((((()(()((()(.(((())((((((.()()..)()))(.)((()))(()))).))()()((()))))))()))))))((.)(()()(()()(((())))(())((().))(.))).)))(()())))),.()(.)((((((((((()(())())((.(.)(..(.((((()))))()(())()(()())((.[[[())((())(]]])))(((()))()))))))((()((.))))))((((()()(()(().))))((()).)))))()))(()))(())(())(((((((()(()((()(.(((())((((((.()()..)()))(.)((()))(())[[[[[()()((()]]]]])()))))))((.)(()()(()()(((())))(())((().))(.))).)))(()())))),16,67
CCUGCAGGGCUCACGCGAAGCAACAUCGCGCAUCAAUGGGGAACAUCGCACCAGCCCAAGAUCCGAUAGGAUGAUCUAUUCCAUCAAUGUAAGCCGGCGUGGUGAACGACAGGUCUCCUUCUCAACUUUAUGAGAGAGCAGGUAAAUGCGAUGCACGCUGUCGUACUAUAUAAGGCGUCAAGGUUAUUGUUUUUUCGGAAUCGAAGGGAGUUGCCAUUUUCAACUGAAGAUGCCGCGCUAUUUGCGAGUUGUACCGCAGCUUGAUCUUGCGAAGAACUACUCGCAA,(((())))()(.(()()((()(((((()()(()((((((((..)()()).))(((((..(())()().))())())))))((.((.())())((()()))))((..)(((.((((((((((((.(.)((()))))))())))())()()))(())())))))(())((())))))()(.))(()()))))))))(()(.()((((((((())())())((.))))(.((()()(())))()(()()(((((())(()(())((())((())))))))))))))))),(((())))()(.(()()((()(((((()()(()((((((((..)()()).))(((((..(())()[[[[)())()]]]])((.((.())())((()()))))((..)(((.((((((((((((.(.)((()))))))())))())()()))(())())))))(())((())))))()(.))(()()))))))))(()(.()((((((([[[[())())((.]]]](.((()()(())))()(()()(((((())(()(())((())((())))))))))))))))),16,58
UGACUAUAAGAGGGAAGAUUUCGGGACCGUCACUCGUAAUGUAAAGCGCAACUUAUGAGCGCUUUUCGGGUGACCUGCAUCCCCCGUUAAACCAUGAAUGACACCCUUUUGUGGAAAGAUCAUUUUUUGUCCUGUCACCACUAUCUAGGGCGUGGCACUCGCAUUCCGUUCUGGUCAAACCCAGAAGUGGGGGUUUUCUAUUCAAAUGGUUUGUGGCAAAGGCGCGAGCUAUACCGAUAAAGGCGCACCACGAACAUAAACCCCAGUAACGUGGC,((.)(()))(.(((..(()((.((((((()((.)()()()(()(((()(((.)()))((()))))))))))((..(()))))))()(()))((()).()))).)))(((()()(.(((())()))(((((.(((((((((.)()(()))())))()))(.()()((()(((())(((((.((.(((()((((()))))())))..()))))))()()))))()()(.()(()))()()))))(()))).)())))()))))(((.)()(()))).,((.)(()))(.(((..(()((.((((((()((.)()()()(()([[[[[((.)()))(]]]]]))))))))((..(()))))))()(()))((()).()))).)))(((()()(.(((())()))(((((.(((((((((.)()(()))())))()))(.()()((()(((())(((((.((.(([[[[(((()))))]]]])..()))))))()()))))()()(.()(()))()()))))(()))).)())))()))))(((.)()(()))).,18,47
AUAUAACCGUACAAUAGAUUGUAUGGCCAGCCAUACGUCCGCCGACUUAGCAAGUAGGCUCUACACUUGGUAUACCCUCGGUAUCUUCAGUAAUUUUCCCAAUCUCCCUGAUCGUAGCGCAUCCUACUUCGCAGACAGGUCACCGGUUAUCAGAAGGAGACCAAACGUUGCGUUUGUAACGUAUGUCUGAUGUCAGUAUCGCCAUUAGGUAUGGAGCUGACUCCUCGCUGCCGUAAGGUCGUCUCCCCGUGAUAAUUC,()()(((()()(((()(())(()((()))())()(())(()(()(.)())((((()(()))().(((((((())))(((((()))(((((()()))(...)()((...((())(()()()()).((.)(.()))).)))((((()))(().)))))))))..)((()))())))))()(()()))).))()))((()()()((()()))()))((())((.))))()((()()()))()()(.(...()()()))...,()()(((()()(((()(())(()((()))())()(())(()(()(.)([[[(((()(]]])().(((((((())))(((((()))(((((()()))(...)()((...((())(()()()()).((.)(.()))).)))((((()))(().)))))))))..)((()))([[[)))()(()(]]]).))()))((()()()((()()))()))((())((.))))()((()()()))()()(.(...()()()))...,12,32
UUCGCUAACUCAAGCUCAUUUAGGCUACCCUUCAGUUGAUCGCUUUAUCACGAGGAAUCCCGUGAACUUUCUCACGGGGUGGCAUGGUGAAUAUGCAUGUCAGAUAGGCAAACGUUCUUUGUCGUUAAUCGGACACGAGCGACCUACUGAGCUCAUUUCGAAGCCGGACCUUAUAUGCAUGAACUGUUUUCGGCCCGAGGGGAUAACAGCGGGUGGGCGCAGCUGUUAGCCCAAUCAGAUAACAUCCUGCACGUCUGCAUUGUGUAGGGUCGUGUUAUCUACGUUUUGACUGUUUU,...()()(((.)(())(()(()(()()).(((((())))((()((()(.)()(((.()))())))(((((((.)())))()()())))))((((())))).))())))((((())).)(((((()()()()))))()))()(.(()((((()))()((.(((((())(.(((((()()))))(.)))))))(())())))))(()((((()(((((((()(())()())))))())((((((.()..(())()).)())))()(()((())()()()))()()))(())))))))),...()()(((.)(())(()(()(()()).(((((())))((()((()(.)()(((.()))[[[[[((((((]]]]])))()()())))))((((())))).))())))((((())).)(((((()()()()))))()))()(.(()((((()))()((.(((((())(.(((((()()))))(.)))))))(())())))))(()((((()((([[[(()(())()())]]])())((((((.()..(())()).)())))()(()((())()()()))()()))(())))))))),16,39
ACAUAAGCACAUCUCUAAAGUCUAAUAGGGUGAACACUGAAGACGGGUCACCAAUCCCCGAUAGUUGGAGGUAAAAGGUUAGAUGUGCUAAUACUGAGACUGUCAUACCACAUGUCGUAUGCCAAGGGGCCCCUUUGACAUCGGGGUGUUGUACUGACCCCCAAAACUAGAUUUCUCACUUUACCGUAUAUACGCGGGCCGGCUAACCGGGUCGGGCCGGCGGCAGACAUGCUGAAUUCCAGUAUACGUGGACUCCCGCAGUGGUUGUUGCAGAUUUACGAACGCACUCCUUCAUU,...().()((()((.()).)(.()()))((((..)))((.((.)((((.))).())((()(()())))(((()((((((()(()((()()()))(((((.)((.())))((()))())()())(((((())))))())))))(((()()((())()))))(((((((())()))((((.)((((((()()()())))((())))))(()))(())((())()((((.(()))))(()))))))()(())(((.)))(().))))))(((())(.((()()))())))))))))))),...().()((()((.()).)(.()()))((((..)))((.((.)((((.)[[[[))((()(()(]]]](((()((((((()(()((()()()))(((((.)((.())))((()))())()())(((((())))))())))))(((()()((())()))))(((((((())()))((((.)((((((()()()())))((())))))[[[[)(())(]]]]()((((.(()))))(()))))))()(())(((.)))(().))))))(((())(.((()()))())))))))))))),16,26
UUUUAGUUCACUAAGGAGGAACCUUGGUGCUGACCAAACGGUGACUGCCGGCCACCGCGGGCGGAUCGUGGUCUCUGUUCCGAGGGCAGUGGAGAGGCUGAGUAUUAAAGUCUUUUGUUUCUAAAUUUAAAAGUUAUUCCGCAUUCCUAACUCAUAUGAACGUGUCUUGCCUCCAAUGACAGCAAGAAAUACUUCUAAACGGCAUGUUUGUGCGAAGCUCCGUCCGAAGCUACGCUCCUUAUCUAGCAACACCCAUCCUAGGGCAUACGAAGAUGAUUCUCAAC,(((()(((.)(().)(((((((((((((()())))))(()(()(((((())).)((())))()((((()))))))))(((().))()))(((((((()()((()(()).()))))(((((.(((()))))))())))))())))))))((((((())))(()))).)(()((..)()))))()((((((()(((.()))()()()))))((()(((()).()))())(()()().)))))()(())))(.(.((()((())))(.()()..)())()).).)).,(((()(((.)(().)(((((((((((((()())))))(()(()(((((())).)[[[[[))()(((]]]]]))))))(((().))()))(((((((()()((()(()).()))))(((((.(((()))))))())))))())))))))((((((())))(()))).)(()((..)()))))()((((((()(((.()))()[[[)))))(]]](((()).()))())(()()().)))))()(())))(.(.((()((())))(.()()..)())()).).)).,16,47
AAUGUUUGGUGUUACGUCACCAGGCAGGAGACAGUAUACUUCGGUCUUGACGGCGGAGGACUCACGCCGCGUUCACGGCGUUUUGGUCAGGUGAGAUCCUAUUGCCUCUGCUUAUACACUGUUUUAAAGAGUUUUUGCACGUGUAGCGCACUCCGACCUCCGUUUGUUAUGCGUUACGCUGCACUACUCGAACUAGCUCUAUCGAGUUAACAUAACGUUAGCAGAGUGUUCGCAUGUUUGGACAAGUCCUUGAGGAAUGCGGGCAGGCCAGCCUGAU,((()))((()()())((.)).((()((((((.(((())))(())))))((()(()(((((.(((.()(()))((((((()))(((())))))))))))))()()))))()))()()((.))))(())(((())))(()).(((()()()(.))()))((((((((()(()(()(().()(()).()((())(.)(())(()(())((()))(()(()(()())(((()))(()())))))))))))((((()))))()))))())(())(().))).,((()))((()()())((.)).((()((((((.(((())))(())))))((([[[[(((((.(((]]]]()))((((((()))(((())))))))))))))()()))))()))()()((.))))(())(((())))(()).(((()()()(.))()))((((((((()(()(()(().()(()).()((())(.)[[[)(()(())]]])))(()(()(()())(((()))(()())))))))))))((((()))))()))))())(())(().))).,14,74
ACUCACCCGUCGGCAGUCUCGUGAGUUUCUAGAGACACACUCUGUCAAUAGAUGAAGGACUAACGCCUUCGGUUAGUGUGUUCUGUUCCGAGAAUAGUGGAGUAGGGAGUUGUCAAGCAAGCAUAAAGAAGAGCCCUUGAAUGAGGGGCUUAUCGACUUCUGAUACGUGCAUGUUGAGUGACAUUGUGCGUAUAACGUGUCUUCCGCGUACGAUAUACGCUCGGGCCCCAAGGAAUACGCCUGUUUAAUACUAUCAUGCACCACACCCCAGGCACUAUAUUCUAUGCAAUGACGGC,..(.)((()(()()))(.((()))(((((()))((((.(.).))))))()(()(((((.)().()).))()((())()()(((()(((().)))()())))(()(((((((().))().(()()((((..(.()))))((()(((((())(()()))))))(()(())()()()((((()((((((((())))))())))))(.()()()()(())))()((((()))(..))))()())))()(())).))()(())).)).).))))))(((.)()()((()(())()))())),..(.)((()(()()))(.((()))(((((()))((((.(.).))))))()(()((((([[[[[()).))()(]]]]])()(((()(((().)))()())))(()(((((((().))().(()()((((..(.()))))((()(((((())(()()))))))(()(())()()()((((()((((((((())))))())))))(.([[[[[()(()]]]]]((((()))(..))))()())))()(())).))()(())).)).).))))))(((.)()()((()(())()))())),20,61
ACCUAACAAUUGAAUAAGGCAUAAACAGCACCGAACAAUCUUAGAGUUACAUCGCCGUGAGAUGGCGAGUGAUUACUGCUGGUGUUCCCAUUGUUGUAAAGGCCUGCGGUGGCUUCAAAGACCCUUUAGAGCGUGACAUAGUAGAUCGGUUGUGAAUGACUUCAAAGACUUACUUUCUCGCUCAUACUCUAUAUCGUUCAGAUGUUGGUCCUAGAAGCAUCUAGUCAGCGCUUUUCAGUGAUUUUCUCCAGAUCUGGUCUUUCAUGGUUCCUUUACCGGAACGAU,(..)((((()))((()((()(()((((((((()((.(().))(((((()(((()(()()((()((()(()(()())(((()))))))).()))((())))(())))()(((()((.))(((.((((())))()((.)())))((((()(((()))(()(.))))((((.)()))))))()))))))))))()()())(.))(())))((.(()))(()()(())))((()))))(.))()())))))((((()))))).)))(())()(..((()(())))()).,(..)((((()))((()((()(()((((((((()((.(().))(((((()(([[[[()()((()(]]]]()(()())(((()))))))).()))((())))(())))()(((()((.))(((.((((())))()((.)())))((((()(((()))(()(.))))((((.)()))))))()))))))))))()()())(.))(())))((.[[[[)(()()]]]]))((()))))(.))()())))))((((()))))).)))(())()(..((()(())))()).,16,74
UUCCUGGACGAAUUAGGAUAACCCCUCGAGAUACUCUAAGGGAGGAGUCAGGAUAACAACGGCUUGUAGCCGCAGGCGAGUCAACUCCGGAGGAUAUUUUAUGAUAACUCUCUCGAUAUGCUACUUGGCAGCCAGCAAAGCAGCAUAUGCCUCCACAAUUCUUAACAGGUCGAUAUGAGGACUCAGGCUCACUGAGUACCACAGUGAUGUUGGGGGUUGUCAGUGACCCGCUUACAUGACUUAGGAGGAGAGCUGACU,.((((((.()(())(((.().)((((((((.())))()(((((((((((.)).()((((()())))()(((().))()(((((((((())))((())))()))()).))))))((()()()())(((((.))))())..().()(())))))))(((())((())(.))(()()()(.((.)))))()))((().(())(((.)))()))))))))))(((.())))))()(()(()))((()))))))((())(.)),.((((((.()(())(((.().)((((((((.())))()(((((((((((.)).()(((([[[[)))()]]]]).))()(((((((((())))((())))()))()).))))))((()()()())(((((.))))())..().()(())))))))(((())((())(.))(()()()(.(([[[[))()))(((]]]]))(((.)))()))))))))))(((.())))))()(()(()))((()))))))((())(.)),16,84
CUCGGCUGCGGGAAUACGGGUCGUUCGGAAGAGUCGGUGGUCAGUGUUUCCUUGCCACGGAUAAGCGAUGUGGGCCGCUUUCCUAGGGAGCAUGUCUUUUUAAGAAACCCGCCUGUAUGAACAACCGACCCCGUCCGACUAGCUGGUCGUAGUAGCGUUGGCCACCGUAUAGGGUGCGUCAGAUGAUCUCUUAAACCGUUGUAAGGAGUCCUUGUCGAACUCGGCGUCCCCACCCCAAUUAAGUACGGAACGUUACGGCAACGUUAAUCGUGUUGCCUAGACGCCAUUAU,.(.(()((()((((()()((((()(()(((((((())((()))(())))).))()))()))()(()(()((((()()))((((())(((((())).)))(())))))))(()(((()((..))((()(..((()(()((((()))))()((((((()))(())))()()))))))())))))()(())(((()).(()((())))))))))))((())(.(()()))))))))...)((()((())((.(())()((()((()))(()())()(()(()))))))()))),.(.(()((()((((()()((((()(()(((((((())((()))(())))).))()))()))([[[[[()((((()]]]]](((())(((((())).)))(())))))))(()(((()((..))((()(..((()(()((((()))))()((((((()))(())))()()))))))())))))()(())(((()).(()(([[[[[)))))]]]]]())(.(()()))))))))...)((()((())((.(())()((()((()))(()())()(()(()))))))()))),20,56
UGCGCUUUGUCAUCAUGAGUCCCGAAGAGUUUCAAAAUCCGGUUCAAGUUAGUUCGAACUGUACUGGUAUACAUUGCAAAGCCGUUCUUGGUUCCUUCAUAUCGACCGGCUGCUCCCCGCGAGCUCAGAACGCUGUUCGAAGCGAUAAUUAAUCCUCGGUAGGGUCCGUAAAUAGUUCAAAGAGUACGGUGUAAGCUACUCGUAUUUGCUUCCGAGCGUGGGGCGAUACUAGUGGACACUAUCUCCUAUUAUCGUACUUCUGUUCAAACGAGAUCAUAACGUUCGGC,.()()(((((((((()))((((()((((((((.)))()(()((((((())((((()))))(())))((()))()(())))()))))))))((((((((()()()(.()())()(....(()(()))))))((((()(())))()(()((()))..))))())(())()()))()(((.))((((()()(((()(())(.)())))))()))))))(()()(((()()((()))(((.(.()).)))()))()()()))).))((.))))))(())()((()))()).,.()()(((((((((()))((((()((((((((.)))()(()((((((()[[[((()))))(()]]]((()))()(())))()))))))))((((((((()()()(.()())()(....(()(()))))))((((()(())))()(()((()))..))))())(())()()))()(((.))((((()()(([[[[[))(.)()))]]]]]))))))(()()(((()()((()))(((.(.()).)))()))()()()))).))((.))))))(())()((()))()).,16,59
GUGAAUGUGUGGAGAUGACAUCAAACAGUAAUCGGUGGUUUUGCAGGCGGCCCUUUUACAAUCGCUAAGUUUGUACGUUGCUUAACCCAGUUGUCGCCGCACGACGCCAGGAAUCGCAAGGAAUUGACGCAUCGCAUCUAGUGCCAGUACCGGCCCGAAAAGCCCGCGGACAUGGAACUACCUUUGGAGGUUCUGCGCAAGAGUGCGCAUAGCAGGUGCUAUAUGCAAAGGGCCUACGUUCAAGUCCCUGUAUAUGCCGCAGAUCGGACUA,((((()()()(((((((.))))((((.))(((())()()))(())((()())))))())(().()(((()))(()((((()(())(((.)((((.()().)((.()((.)).())))))))(())))))))))()()(()))()))(()))(())().(((()((()))((()((..)())(((()))))))(((()))((.(((()))()((.)((()(()()()))(((())()()))(..))))))))()()(((((.)()))).)).,((((()()()(((((((.))))((((.))(((())()()))(())((()())))[[[[)(().()]]]])))(()((((()(())(((.)((((.()().)((.()((.)).())))))))(())))))))))()()(()))()))(()))(())().(((()((()))((()((..)())(((()))))))((([[[[((.(]]]]))()((.)((()(()()()))(((())()()))(..))))))))()()(((((.)()))).)).,16,45
GAUAGCAGGAACAACGUUAACGGAUCUACUGUGAUCAGUAUCAACAGCGGCGGAAAUAAAGUAACUUUGUUUAGUUAAGGACUCCCCACGACACCGUUCCUAUGAUAUGCAGAUAAGGUGACAGACGAGAAACCCUGGGCGAAUCGCAUCGCUGGACGACGACAGCUAAAGUGUGUAUAAUAGUAAUUCCAGGCCUCGAGGGCCCUAACUGGCCCGGCAUAGGGUCGAGUGGCAUUCCAUCCCGGACCAAAGGCAUGUACUCUCCAAGGGACGGAUUUGCUUGUAUCAACCUCUUUUAAG,..((()(((..).(()(())()(.((()(((((()))(()))).(.)()())))..().((()((((((((()((())(((.))))(.()((((()((.(()()(()))(.)())))(((.))(.().(...)))))(()(.())()()())))(.)(.)(.)(()))).(((((()().()(()())).((((((())))())))).)((()(())))()((((())(()()())))())(()))))))))((())()))))((..))((()(()))()(((()).))))))))(())),..((()(((..).(()(())()(.((()(((((()))(()))).(.)()())))..().((([[[[((((((]]]]))(((.))))(.()((((()((.(()()(()))(.)())))(((.))(.().(...)))))(()(.())()()())))(.)(.)(.)(()))).(((((()().()(()())).((((((())))()[[[[.)((()(())))]]]]((())(()()())))())(()))))))))((())()))))((..))((()(()))()(((()).))))))))(())),16,59
UUCUUGGGACGAGAUAACCGAUUCACUAAAGACAUUCGAAGCGGAUAUAUUCCAGGAGCUUGUCCUGUCUUGGAUAACACACUUGAAGGCAUUCGCUUAUGCUCCUCGGGCGAAACAGUUAGUAAUAAAAUACUUUUGACGGGGAAUAGGCAUUGGGGGUAACUAUCUGUGGUGCAACGUAGUAUGAGUCACUCUCAUAUGAGUGAUAUGUCCUAGCUUGUCACUCAGAAUCACUGGGAGCUCAUUUAUAAUACUAGUCAUAUGGUAGAAUCCCCAUA,((((())))())..()((()((((.(()..(((.((()))(()(()()()(((.)))())))))((((((())(()(((.(.)))(((()()(.()((()()((((()))().(((.))).)()())))())))))))))))))))).)()()((((((()(((((((()))(()))()))))()((()((.(((((()))))()()))))))()()((()(((((.))()((.)))((()))())()()()((()))((())))()))())))))).,((((())))())..()((()((((.(()..(((.((()))(()(()()()(((.)))()[[[[[((((((()]]]]]((.(.)))(((()()(.()((()()((((()))().(((.))).)()())))())))))))))))))))).)()()((((((()(((((((()))(()))()))))()((([[[[(((((())))]]]])))))))()()((()(((((.))()((.)))((()))())()()()((()))((())))()))())))))).,18,67
AUUGGUAGCCACUUCCACGUGAGUGGAACUUGCUGAGCGUCGGGCAGAACUCACGCAAACCGCGGUGGUUACACCGCUAGAUAAGCUGGGCCGCCUGAUGCAUCUCACUUUGUUCUGGGGCUCGGUCAAAGAUUGUCCGUAUAGCGGCUAGUCUCCAGGACAGUGUCACCUGAUCGUCAGCGAGGCUACGUAUGGUAGCCACGCCAUGUGUUACGUCAAGUGGUAUUGACAAGUAGCCAGUGGCGAUAAUAAUAUACUUGGGUUAGUAAGAAUUUCAAUAACUGGAGAGU,((()(()()))((((((())).)()(.((((()())((((()(()((..)))))))).(((()))))((().)(()(())(()(())((()()))))((()))))))((((((((())((((()()(..((()(()(()()()()))))(()((((.)))(((()(((((((())()(.())))()((())()((()()(.()((())(()((())(..)()((()())))))()))))))))().().()(()).))())))())()))(()))))))))(())))))),((()(()()))((((((())).)()(.((((()())((((()(()((..)))))))).(((([[[[)((().]]]](())(()(())((()()))))((()))))))((((((((())((((()()(..((()(()(()()()()))))(()((((.)))(((()(((((((())()(.())))()((())()((()()(.()((())(()((([[[[[)()(((]]]]])))()))))))))().().()(()).))())))())()))(()))))))))(())))))),18,93
